"Year","Unit","Fleet","Estimate_metric_tons","SD_log","SD_mt"
1998,1,1,1.34656701063452,0.340619068135716,0.458666400344626
1999,1,1,4.25416475948875,0.309575149199604,1.31698369013843
2000,1,1,8.00381028790897,0.271713929804769,2.17474674673959
2001,1,1,6.66326544041317,0.298054820348788,1.98601838377864
2002,1,1,18.5609810797507,0.321756186089735,5.97211048230432
2003,1,1,25.2087466103009,0.257119964278797,6.48167202795383
2004,1,1,14.912281760607,0.252370650987523,3.76342225563376
2005,1,1,15.7593577711617,0.404461705199332,6.37405671697037
2006,1,1,8.95758474543682,0.240275353030978,2.15228683701473
2007,1,1,4.71843034432871,0.256176654891856,1.20875170195036
2008,1,1,19.3501452275876,0.273649551814389,5.29515856907273
2009,1,1,42.9838600218401,0.219853243529636,9.45014104522537
2010,1,1,15.9353751570215,0.213187353657623,3.39722045926685
2011,1,1,51.4212992326908,0.226622348259974,11.6532155826912
2012,1,1,9.73285063267409,0.228851462958321,2.22737710604227
2013,1,1,11.191762717579,0.210379888108543,2.35452178826162
2014,1,1,53.8913991539494,0.263957256957273,14.225025894266
2015,1,1,5.18815442270555,0.258263753904859,1.33991223704604
2016,1,1,12.3052777895002,0.258321598075394,3.17871902334535
2017,1,1,12.9211441189628,0.213490450167555,2.75854087463722
